building,lat,long,name,url
114 Ingraham Hall, 43.075911650562745, -89.40514986123497 ,Career exploration center,https://firebasestorage.googleapis.com/v0/b/gradesandreviews.appspot.com/o/image_anonymous2077.jpg?alt=media
1410 Engineering Drive, 43.07265620519052, -89.40962350170992 ,1410 engineering drive study room,https://firebasestorage.googleapis.com/v0/b/gradesandreviews.appspot.com/o/5523831709124327390_base64_5_1676573970.jpg?alt=media
1410 Engineering Drive, 43.07265620519052, -89.40962350170992 ,1410 engineering drive computer lab,https://firebasestorage.googleapis.com/v0/b/gradesandreviews.appspot.com/o/5523832479122021938_base64_5_1676574047.jpg?alt=media
Agricultural Engineering Building, 43.074876652283486, -89.41062139007126 ,Ag engineering basement,https://firebasestorage.googleapis.com/v0/b/gradesandreviews.appspot.com/o/5527261930122742251_base64_5_1676916993.jpg?alt=media
Agricultural Engineering Building, 43.074876652283486, -89.41062139007126 ,Ag engineering 2nd floor lobby,https://firebasestorage.googleapis.com/v0/b/gradesandreviews.appspot.com/o/5527260710123443951_base64_5_1676916871.jpg?alt=media
Agronomy Hall, 42.028546909063216, -93.64238851896808 ,4th floor agronomy circle table,https://firebasestorage.googleapis.com/v0/b/gradesandreviews.appspot.com/o/5527245700124330804_base64_5_1676915370.jpg?alt=media
Agronomy Hall, 42.028546909063216, -93.64238851896808 ,Basement of agronomy,https://firebasestorage.googleapis.com/v0/b/gradesandreviews.appspot.com/o/5527249370121785660_base64_5_1676915737.jpg?alt=media
Agronomy Hall, 42.028546909063216, -93.64238851896808 ,Agronomy fishbowl,https://firebasestorage.googleapis.com/v0/b/gradesandreviews.appspot.com/o/5527241580124504765_base64_5_1676914958.jpg?alt=media
Agronomy Hall, 42.028546909063216, -93.64238851896808 ,Other agronomy floors,https://firebasestorage.googleapis.com/v0/b/gradesandreviews.appspot.com/o/5527244950122616866_base64_5_1676915295.jpg?alt=media
Animal Science Building, 43.076235560561074, -89.41520815938203 ,1st floor animal sciences,https://firebasestorage.googleapis.com/v0/b/gradesandreviews.appspot.com/o/image_anonymous2037.jpg?alt=media
Animal Science Building, 43.076235560561074, -89.41520815938203 ,Lobby of animal sciences,https://firebasestorage.googleapis.com/v0/b/gradesandreviews.appspot.com/o/image_anonymous2035.jpg?alt=media
Animal Science Building, 43.076235560561074, -89.41520815938203 ,Animal sciences library,https://firebasestorage.googleapis.com/v0/b/gradesandreviews.appspot.com/o/image_anonymous2036.jpg?alt=media
"Atmospheric, Oceanic and Space Sciences" , 43.07083915899583, -89.40691956123533 ,14 floor aoss,https://firebasestorage.googleapis.com/v0/b/gradesandreviews.appspot.com/o/5524708472635167518_base64_5_1676661647.jpg?alt=media
"Atmospheric, Oceanic and Space Sciences" , 43.07083915899583, -89.40691956123533 ,Atmospheric sciences student study area floor 8,https://firebasestorage.googleapis.com/v0/b/gradesandreviews.appspot.com/o/5524679809123154537_base64_5_1676658780.jpg?alt=media
"Atmospheric, Oceanic and Space Sciences" , 43.07083915899583, -89.40691956123533 ,Aoss library,https://firebasestorage.googleapis.com/v0/b/gradesandreviews.appspot.com/o/5524706049126349959_base64_5_1676661404.jpg?alt=media
Babcock Hall, 43.07507786293, -89.41303967472665 ,Second floor Babcock,https://firebasestorage.googleapis.com/v0/b/gradesandreviews.appspot.com/o/image_anonymous2034.jpg?alt=media
Bascom Hall, 43.075827913806165, -89.40400640356276 ,Bascom Basement,https://firebasestorage.googleapis.com/v0/b/gradesandreviews.appspot.com/o/image_anonymous2080.jpg?alt=media
Bascom Hall, 43.075827913806165, -89.40400640356276 ,Bascom g,https://firebasestorage.googleapis.com/v0/b/gradesandreviews.appspot.com/o/image_anonymous2079.jpg?alt=media
Biochemical Sciences Building, 43.07467897386594, -89.4112752014496 ,301 biochem,https://firebasestorage.googleapis.com/v0/b/gradesandreviews.appspot.com/o/5527207230122365636_base64_5_1676911523.jpg?alt=media
Biochemical Sciences Building, 43.07467897386594, -89.4112752014496 ,Biochem 4th floor kitchen,https://firebasestorage.googleapis.com/v0/b/gradesandreviews.appspot.com/o/5527208630123435055_base64_5_1676911663.jpg?alt=media
Biochemical Sciences Building, 43.07467897386594, -89.4112752014496 ,Biochem lobby,https://firebasestorage.googleapis.com/v0/b/gradesandreviews.appspot.com/o/5527227890123351145_base64_5_1676913589.jpg?alt=media
Biochemical Sciences Building, 43.07467897386594, -89.4112752014496 ,Biochem basement small study area,https://firebasestorage.googleapis.com/v0/b/gradesandreviews.appspot.com/o/5527237560122269480_base64_5_1676914556.jpg?alt=media
Biochemical Sciences Building, 43.07467897386594, -89.4112752014496 ,Badger market in basement of Biochem,https://firebasestorage.googleapis.com/v0/b/gradesandreviews.appspot.com/o/5527228750128953943_base64_5_1676913675.jpg?alt=media
Biochemical Sciences Building, 43.07467897386594, -89.4112752014496 ,biochem stairway lobbies - top one is the best. Has a ping pong table,https://firebasestorage.googleapis.com/v0/b/gradesandreviews.appspot.com/o/5527206300123417205_base64_5_1676911430.jpg?alt=media
Biochemical Sciences Building, 43.07467897386594, -89.4112752014496 ,Biochem lobby pod,https://firebasestorage.googleapis.com/v0/b/gradesandreviews.appspot.com/o/5527204300127888446_base64_5_1676911230.jpg?alt=media
Biochemical Sciences Building, 43.07467897386594, -89.4112752014496 ,Biochem 1st floor lobby,https://firebasestorage.googleapis.com/v0/b/gradesandreviews.appspot.com/o/5527232410126795157_base64_5_1676914041.jpg?alt=media
Biochemical Sciences Building, 43.07467897386594, -89.4112752014496 ,Cursed bench with cursed table 5th floor Biochemistry,https://firebasestorage.googleapis.com/v0/b/gradesandreviews.appspot.com/o/5527210880124915401_base64_5_1676911889.jpg?alt=media
Birge Hall, 43.07460063802093, -89.40372976123513 ,2nd floor Birge chair and desk,https://firebasestorage.googleapis.com/v0/b/gradesandreviews.appspot.com/o/image_anonymous2087.jpg?alt=media
Birge Hall, 43.07460063802093, -89.40372976123513 ,Table in basement of birge,https://firebasestorage.googleapis.com/v0/b/gradesandreviews.appspot.com/o/image_anonymous2082.jpg?alt=media
Birge Hall, 43.07460063802093, -89.40372976123513 ,4th floor Birge desk,https://firebasestorage.googleapis.com/v0/b/gradesandreviews.appspot.com/o/image_anonymous2086.jpg?alt=media
Birge Hall, 43.07460063802093, -89.40372976123513 ,Birge lobby,https://firebasestorage.googleapis.com/v0/b/gradesandreviews.appspot.com/o/image_anonymous2088.jpg?alt=media
Birge Hall, 43.07460063802093, -89.40372976123513 ,Birge b2 desks,https://firebasestorage.googleapis.com/v0/b/gradesandreviews.appspot.com/o/image_anonymous2089.jpg?alt=media
Birge Hall, 43.07460063802093, -89.40372976123513 ,Birge herbarium,https://firebasestorage.googleapis.com/v0/b/gradesandreviews.appspot.com/o/image_anonymous2081.jpg?alt=media
Birge Hall, 43.07460063802093, -89.40372976123513 ,Birge b1 basement tables,https://firebasestorage.googleapis.com/v0/b/gradesandreviews.appspot.com/o/image_anonymous2083.jpg?alt=media
Birge Hall, 43.07460063802093, -89.40372976123513 ,Birge B3 table,https://firebasestorage.googleapis.com/v0/b/gradesandreviews.appspot.com/o/image_anonymous2085.jpg?alt=media
Bock Laboratories, 43.07505185900349, -89.41109960356283 ,Bock labs penthouse,https://firebasestorage.googleapis.com/v0/b/gradesandreviews.appspot.com/o/5527256110121269971_base64_5_1676916412.jpg?alt=media
Chamberlin Hall, 43.07400976809344, -89.40597113054602 ,6th floor physics lounge,https://firebasestorage.googleapis.com/v0/b/gradesandreviews.appspot.com/o/image_anonymous2061.jpg?alt=media
Chamberlin Hall, 43.07400976809344, -89.405971130545 ,3rd floor physics lounge,https://firebasestorage.googleapis.com/v0/b/gradesandreviews.appspot.com/o/image_anonymous2064.jpg?alt=media
Chamberlin Hall, 43.07400976809344, -89.405971130544 ,Amp library,https://firebasestorage.googleapis.com/v0/b/gradesandreviews.appspot.com/o/image_anonymous2062.jpg?alt=media
Chamberlin Hall, 43.07400976809344, -89.405971130543 ,4th floor physics area,https://firebasestorage.googleapis.com/v0/b/gradesandreviews.appspot.com/o/image_anonymous2063.jpg?alt=media
Chamberlin Hall, 43.07400976809344, -89.405971130542 ,Physicist lobby,https://firebasestorage.googleapis.com/v0/b/gradesandreviews.appspot.com/o/image_anonymous2060.jpg?alt=media
Chazen Museum of Art, 43.07395766522218, -89.3993193035629 ,Chazen lobby,https://firebasestorage.googleapis.com/v0/b/gradesandreviews.appspot.com/o/image_anonymous20111.jpg?alt=media
Chemistry Building, 43.073154132755256, -89.40443970593641 ,New Chem building window seats and lobby 7th floor and down,https://firebasestorage.googleapis.com/v0/b/gradesandreviews.appspot.com/o/image_anonymous2049.jpg?alt=media
Chemistry Building, 43.073154132755256, -89.4044397059363 ,Chem commons 2nd floor new building,https://firebasestorage.googleapis.com/v0/b/gradesandreviews.appspot.com/o/image_anonymous2050.jpg?alt=media
Chemistry Building, 43.073154132755256, -89.4044397059362 ,New chem building sub basement lounge,https://firebasestorage.googleapis.com/v0/b/gradesandreviews.appspot.com/o/image_anonymous2051.jpg?alt=media
Chemistry Building, 43.073154132755256, -89.4044397059361 ,Chem building lobby,https://firebasestorage.googleapis.com/v0/b/gradesandreviews.appspot.com/o/image_anonymous2047.jpg?alt=media
Chemistry Building, 43.073154132755256, -89.4044397059360 ,New chem building basement chairs,https://firebasestorage.googleapis.com/v0/b/gradesandreviews.appspot.com/o/image_anonymous2052.jpg?alt=media
Chemistry Building, 43.073154132755256, -89.4044397059359 ,Chen building lobby,https://firebasestorage.googleapis.com/v0/b/gradesandreviews.appspot.com/o/image_anonymous2044.jpg?alt=media
College Library, 43.07706898721046, -89.40112758346204 ,college library,https://firebasestorage.googleapis.com/v0/b/gradesandreviews.appspot.com/o/h1380-04402.jpg?alt=media
Computer Sciences, 43.07164696995019, -89.40665517472685 ,6floor cs,https://firebasestorage.googleapis.com/v0/b/gradesandreviews.appspot.com/o/5524701959125532602_base64_5_1676660995.jpg?alt=media
Computer Sciences, 43.07164696995019, -89.4066551747268 ,Cs patio,https://firebasestorage.googleapis.com/v0/b/gradesandreviews.appspot.com/o/5524688309128961555_base64_5_1676659630.jpg?alt=media
Computer Sciences, 43.07164696995019, -89.4066551747267 ,Cs front lobby,https://firebasestorage.googleapis.com/v0/b/gradesandreviews.appspot.com/o/5524692469126090136_base64_5_1676660046.jpg?alt=media
Computer Sciences, 43.07164696995019, -89.4066551747266 ,cs study area 2nd floor,https://firebasestorage.googleapis.com/v0/b/gradesandreviews.appspot.com/o/5524694799122761195_base64_5_1676660279.jpg?alt=media
Computer Sciences, 43.07164696995019, -89.4066551747265 ,Second floor cs reservable study rooms,https://firebasestorage.googleapis.com/v0/b/gradesandreviews.appspot.com/o/5524697859128612311_base64_5_1676660585.jpg?alt=media
Computer Sciences, 43.07164696995019, -89.4066551747264 ,Cs basement,https://firebasestorage.googleapis.com/v0/b/gradesandreviews.appspot.com/o/5524689519125638727_base64_5_1676659752.jpg?alt=media
Computer Sciences, 43.07164696995019, -89.4066551747263 ,Cs back lobby,https://firebasestorage.googleapis.com/v0/b/gradesandreviews.appspot.com/o/5524686339124600780_base64_5_1676659433.jpg?alt=media
D.C. Smith Green House, 43.074910111347805, -89.4125386189074 ,Greenhouse benches,https://firebasestorage.googleapis.com/v0/b/gradesandreviews.appspot.com/o/5527250980126186122_base64_5_1676915898.jpg?alt=media
D.C. Smith Green House, 43.074910111347805, -89.4125386189073 ,Chair and desk in king greenhouse (corn section),https://firebasestorage.googleapis.com/v0/b/gradesandreviews.appspot.com/o/image_anonymous2030.jpg?alt=media
D.C. Smith Green House, 43.074910111347805, -89.4125386189072 ,Birge green house *not technically a study spot*,https://firebasestorage.googleapis.com/v0/b/gradesandreviews.appspot.com/o/image_anonymous2084.jpg?alt=media
Data Science Institute, 43.07451024170294, -89.40892670356284 ,Top 11 floor data sciences,https://firebasestorage.googleapis.com/v0/b/gradesandreviews.appspot.com/o/image_anonymous207.jpg?alt=media
Department of Forest and Wildlife Ecology, 43.0755132234497, -89.41339092869286 ,1st floor ecology,https://firebasestorage.googleapis.com/v0/b/gradesandreviews.appspot.com/o/image_anonymous2015.jpg?alt=media
Department of Forest and Wildlife Ecology, 43.0755132234497, -89.41339092869286 ,4th floor ecology,https://firebasestorage.googleapis.com/v0/b/gradesandreviews.appspot.com/o/image_anonymous2016.jpg?alt=media
Department of Geoscience, 43.0716912554614, -89.40981334230982 ,Picnic tables in geological sciences,https://firebasestorage.googleapis.com/v0/b/gradesandreviews.appspot.com/o/5524665479121700468_base64_5_1676657347.jpg?alt=media
Department of Geoscience, 43.0716912554614, -89.4098133423097 ,Desk and picnic table in geological sciences 3rd floor,https://firebasestorage.googleapis.com/v0/b/gradesandreviews.appspot.com/o/5524667359122511540_base64_5_1676657535.jpg?alt=media
Department of Geoscience, 43.0716912554614, -89.4098133423096 ,Dinosaurs geo sci (not really a study area but neat spot),https://firebasestorage.googleapis.com/v0/b/gradesandreviews.appspot.com/o/5524671409125098776_base64_5_1676657940.jpg?alt=media
Department of Materials Sciences and Engineering, 43.07390043123207, -89.41126411417154 ,Study zone in material sciences,https://firebasestorage.googleapis.com/v0/b/gradesandreviews.appspot.com/o/5523840709121953586_base64_5_1676574871.jpg?alt=media
Department of Materials Sciences and Engineering, 43.07390043123207, -89.41126411417154 ,Cursed desk in mat. sciences,https://firebasestorage.googleapis.com/v0/b/gradesandreviews.appspot.com/o/5523842789122115994_base64_5_1676575078.jpg?alt=media
Department of Psychology, 43.07302174274878, -89.40620010683534 ,Psych 1st floor lobby,https://firebasestorage.googleapis.com/v0/b/gradesandreviews.appspot.com/o/image_anonymous2042.jpg?alt=media
Department of Psychology, 43.07302174274878, -89.40620010683534 ,4th floor psych,https://firebasestorage.googleapis.com/v0/b/gradesandreviews.appspot.com/o/image_anonymous2040.jpg?alt=media
Department of Psychology, 43.07302174274878, -89.40620010683534 ,Psych 1st floor lounge,https://firebasestorage.googleapis.com/v0/b/gradesandreviews.appspot.com/o/image_anonymous2041.jpg?alt=media
Department of Psychology, 43.07302174274878, -89.4062001068352 ,Psych basement,https://firebasestorage.googleapis.com/v0/b/gradesandreviews.appspot.com/o/image_anonymous2043.jpg?alt=media
Department of Soil Science, 43.07670010676929, -89.41117470356271 ,258 soils study area,https://firebasestorage.googleapis.com/v0/b/gradesandreviews.appspot.com/o/image_anonymous2028.jpg?alt=media
Department of Soil Science, 43.07670010676929, -89.41117470356271 ,Soils building 3rd floor lobby,https://firebasestorage.googleapis.com/v0/b/gradesandreviews.appspot.com/o/image_anonymous2027.jpg?alt=media
Discovery Building, 43.072990018161335, -89.40749423054608 ,First floor discovery building,https://firebasestorage.googleapis.com/v0/b/gradesandreviews.appspot.com/o/image_anonymous2039.jpg?alt=media
Education Building, 43.075900608814315, -89.4021895305459 ,Education building pods,https://firebasestorage.googleapis.com/v0/b/gradesandreviews.appspot.com/o/5524616529123281575_base64_5_1676652452.jpg?alt=media
Education Building, 43.075900608814315, -89.4021895305459 ,Weird pod things education building,https://firebasestorage.googleapis.com/v0/b/gradesandreviews.appspot.com/o/image_anonymous2092.jpg?alt=media
Education Building, 43.075900608814315, -89.4021895305459 ,Education building lobby,https://firebasestorage.googleapis.com/v0/b/gradesandreviews.appspot.com/o/image_anonymous2091.jpg?alt=media
Education Building, 43.075900608814315, -89.4021895305459 ,Ecb back room,https://firebasestorage.googleapis.com/v0/b/gradesandreviews.appspot.com/o/5523857779126648031_base64_5_1676576577.jpg?alt=media
Educational Sciences, 43.072029494399544, -89.40343434589069 ,Top floor of education sciences,https://firebasestorage.googleapis.com/v0/b/gradesandreviews.appspot.com/o/5524611759121240625_base64_5_1676651975.jpg?alt=media
Educational Sciences, 43.072029494399544, -89.40343434589069 ,5th floor education science colab space Standing desk workspace 5th floor education sciences,https://firebasestorage.googleapis.com/v0/b/gradesandreviews.appspot.com/o/5524618149124943199_base64_5_1676652614.jpg?alt=media
Educational Sciences, 43.072029494399544, -89.40343434589069 ,Education science lobby cells,https://firebasestorage.googleapis.com/v0/b/gradesandreviews.appspot.com/o/5524607839126235830_base64_5_1676651583.jpg?alt=media
Educational Sciences, 43.072029494399544, -89.40343434589069 ,Education building 1st floor study pod,https://firebasestorage.googleapis.com/v0/b/gradesandreviews.appspot.com/o/image_anonymous2093.jpg?alt=media
Engineering Centers Building, 43.072887330137384, -89.41347060356294 ,Ecb table and whiteboard,https://firebasestorage.googleapis.com/v0/b/gradesandreviews.appspot.com/o/5523858789127034811_base64_5_1676576678.jpg?alt=media
Engineering Centers Building, 43.072887330137384, -89.41347060356294 ,Cursed chairs on the second floor of erb,https://firebasestorage.googleapis.com/v0/b/gradesandreviews.appspot.com/o/5523840019129324813_base64_5_1676574801.jpg?alt=media
Engineering Hall, 43.07186275998815, -89.41027334173506 ,Ehall lobby,https://firebasestorage.googleapis.com/v0/b/gradesandreviews.appspot.com/o/5523828019126872860_base64_5_1676573601.jpg?alt=media
Engineering Hall, 43.07186275998815, -89.4102733417350 ,Ehall sniper nest,https://firebasestorage.googleapis.com/v0/b/gradesandreviews.appspot.com/o/5523829129122680281_base64_5_1676573712.jpg?alt=media
Engineering Hall, 43.07186275998815, -89.4102733417349 ,Ehall phone booths,https://firebasestorage.googleapis.com/v0/b/gradesandreviews.appspot.com/o/5523827329128005474_base64_5_1676573532.jpg?alt=media
Engineering Hall, 43.07186275998815, -89.4102733417348 ,E hall benches,https://firebasestorage.googleapis.com/v0/b/gradesandreviews.appspot.com/o/5528024410127085774_base64_5_1676993241.jpg?alt=media
Enzyme Institute, 43.074871524390126, -89.41495385892222 ,Sage reading room enzyme building,https://firebasestorage.googleapis.com/v0/b/gradesandreviews.appspot.com/o/5523869349129168340_base64_5_1676577734.jpg?alt=media
Enzyme Institute, 43.074871524390126, -89.4149538589221 ,Weird desk in enzyme building stairs,https://firebasestorage.googleapis.com/v0/b/gradesandreviews.appspot.com/o/5523868299129718867_base64_5_1676577631.jpg?alt=media
Enzyme Institute, 43.074871524390126, -89.4149538589220 ,Enzyme lounge,https://firebasestorage.googleapis.com/v0/b/gradesandreviews.appspot.com/o/5523863789127858084_base64_5_1676577179.jpg?alt=media
Genetics Building, 43.073942865252526, -89.4095759747267 ,Genetics 6 floor,https://firebasestorage.googleapis.com/v0/b/gradesandreviews.appspot.com/o/5527283280123479862_base64_5_1676919128.jpg?alt=media
Genetics Building, 43.073942865252526, -89.4095759747267 ,Genetics lobby,https://firebasestorage.googleapis.com/v0/b/gradesandreviews.appspot.com/o/5527280130124580849_base64_5_1676918814.jpg?alt=media
Geology & Geophysics Library, 43.07070351105812, -89.40587757895344 ,Geological library,https://firebasestorage.googleapis.com/v0/b/gradesandreviews.appspot.com/o/5524663909123815134_base64_5_1676657190.jpg?alt=media
Hasler Laboratory of Limnology, 43.07736019496343, -89.40267271149519 ,Limnology library,https://firebasestorage.googleapis.com/v0/b/gradesandreviews.appspot.com/o/image_anonymous20126.jpg?alt=media
Henry Mall, 43.07439773848796, -89.41040821705444 ,Basement of 445 Henry Mall (there are no lights),https://firebasestorage.googleapis.com/v0/b/gradesandreviews.appspot.com/o/5527267470126311942_base64_5_1676917547.jpg?alt=media
Henry Taylor Hall, 43.07429204164964, -89.40940099681707 ,Henry Taylor hall lobby,https://firebasestorage.googleapis.com/v0/b/gradesandreviews.appspot.com/o/image_anonymous208.jpg?alt=media
History Department, 43.07424864203735, -89.40004440356286 ,historical library,https://firebasestorage.googleapis.com/v0/b/gradesandreviews.appspot.com/o/native-b99c9.jpg?alt=media
Ingraham Hall, 43.075911650562745, -89.40514986123497 ,Second floor Ingraham,https://firebasestorage.googleapis.com/v0/b/gradesandreviews.appspot.com/o/image_anonymous2076.jpg?alt=media
Ingraham Hall, 43.075911650562745, -89.405149861234 ,Chican@ and latin@ library 3rd floor Ingraham,https://firebasestorage.googleapis.com/v0/b/gradesandreviews.appspot.com/o/image_anonymous2075.jpg?alt=media
Ingraham Hall, 43.075911650562745, -89.405149861233 ,Ingraham G floor,https://firebasestorage.googleapis.com/v0/b/gradesandreviews.appspot.com/o/image_anonymous2078.jpg?alt=media
Ingraham Hall, 43.075911650562745, -89.405149861232 ,Ingraham Hall 1st floor,https://firebasestorage.googleapis.com/v0/b/gradesandreviews.appspot.com/o/image_anonymous2074.jpg?alt=media
King Hall, 43.07667314363392, -89.41070115938199 ,Kings hall greenhouse,https://firebasestorage.googleapis.com/v0/b/gradesandreviews.appspot.com/o/image_anonymous2029.jpg?alt=media
Kohler Art Library, 43.07416418748983, -89.39934200170984 ,Kohler art library,https://firebasestorage.googleapis.com/v0/b/gradesandreviews.appspot.com/o/image_anonymous20112.jpg?alt=media
Kurt F. Wendt Commons, 43.07177502002603, -89.40875269007145 ,wendt,https://firebasestorage.googleapis.com/v0/b/gradesandreviews.appspot.com/o/featured-uw-wendt-commons-library-grainger-engineering-design-innovation-lab.jpg?alt=media
Law Building, 43.074508834013294, -89.40238330726888 ,Law school reading room,https://firebasestorage.googleapis.com/v0/b/gradesandreviews.appspot.com/o/image_anonymous20101.jpg?alt=media
Law Building, 43.074508834013294, -89.4023833072688 ,Law school 7th floor library,https://firebasestorage.googleapis.com/v0/b/gradesandreviews.appspot.com/o/image_anonymous2096.jpg?alt=media
Law Building, 43.074508834013294, -89.4023833072687 ,Law building basement,https://firebasestorage.googleapis.com/v0/b/gradesandreviews.appspot.com/o/image_anonymous2094.jpg?alt=media
Law Building, 43.074508834013294, -89.4023833072686 ,Law school pods,https://firebasestorage.googleapis.com/v0/b/gradesandreviews.appspot.com/o/image_anonymous2098.jpg?alt=media
Law Building, 43.074508834013294, -89.4023833072685 ,Law school back room (one available table not pictured),https://firebasestorage.googleapis.com/v0/b/gradesandreviews.appspot.com/o/image_anonymous20102.jpg?alt=media
Law Building, 43.074508834013294, -89.4023833072684 ,Law school library underneath main area,https://firebasestorage.googleapis.com/v0/b/gradesandreviews.appspot.com/o/image_anonymous20104.jpg?alt=media
Law Building, 43.074508834013294, -89.4023833072683 ,Law school entrance,https://firebasestorage.googleapis.com/v0/b/gradesandreviews.appspot.com/o/image_anonymous2097.jpg?alt=media
Law Building, 43.074508834013294, -89.4023833072682 ,Mike hall law school,https://firebasestorage.googleapis.com/v0/b/gradesandreviews.appspot.com/o/image_anonymous2095.jpg?alt=media
Law Building, 43.074508834013294, -89.4023833072681 ,Law library,https://firebasestorage.googleapis.com/v0/b/gradesandreviews.appspot.com/o/image_anonymous20100.jpg?alt=media
Law Building, 43.074508834013294, -89.4023833072680 ,L1 law building,https://firebasestorage.googleapis.com/v0/b/gradesandreviews.appspot.com/o/image_anonymous20103.jpg?alt=media
Law Building, 43.074508834013294, -89.40238330726888 ,3rd floor law secret spot,https://firebasestorage.googleapis.com/v0/b/gradesandreviews.appspot.com/o/image_anonymous2099.jpg?alt=media
Mechanical Engineering Building, 43.07322044483088, -89.4124352022182 ,ME back lobby,https://firebasestorage.googleapis.com/v0/b/gradesandreviews.appspot.com/o/5523845859122940481_base64_5_1676575394.jpg?alt=media
Mechanical Engineering Building, 43.07322044483088, -89.4124352022181 ,ME atrium,https://firebasestorage.googleapis.com/v0/b/gradesandreviews.appspot.com/o/5523851849127111662_base64_5_1676575984.jpg?alt=media
Mechanical Engineering Building, 43.07322044483088, -89.4124352022180 ,ME corner,https://firebasestorage.googleapis.com/v0/b/gradesandreviews.appspot.com/o/5523849969125319898_base64_5_1676575796.jpg?alt=media
Mechanical Engineering Building, 43.07322044483088, -89.4124352022179 ,ME front lobby,https://firebasestorage.googleapis.com/v0/b/gradesandreviews.appspot.com/o/5523846549127645612_base64_5_1676575454.jpg?alt=media
Medical Sciences, 43.07518509949705, -89.42018285387039 ,Stats study area med sciences,https://firebasestorage.googleapis.com/v0/b/gradesandreviews.appspot.com/o/image_anonymous204.jpg?alt=media
Medical Sciences, 43.07518509949705, -89.4201828538703 ,7th floor medical sciences back room,https://firebasestorage.googleapis.com/v0/b/gradesandreviews.appspot.com/o/5528096140126334277_base64_5_1677000414.jpg?alt=media
Medical Sciences, 43.07518509949705, -89.4201828538702 ,4th floor med sciences,https://firebasestorage.googleapis.com/v0/b/gradesandreviews.appspot.com/o/image_anonymous205.jpg?alt=media
Medical Sciences, 43.07518509949705, -89.4201828538701 ,7th floor med sci,https://firebasestorage.googleapis.com/v0/b/gradesandreviews.appspot.com/o/5528097180126835499_base64_5_1677000518.jpg?alt=media
Medical Sciences, 43.07518509949705, -89.4201828538700 ,Badger market in med sciences,https://firebasestorage.googleapis.com/v0/b/gradesandreviews.appspot.com/o/image_anonymous206.jpg?alt=media
Medical Sciences, 43.07518509949705, -89.4201828538699 ,Ned sciences 2nd floor,https://firebasestorage.googleapis.com/v0/b/gradesandreviews.appspot.com/o/image_anonymous201.jpg?alt=media
Medical Sciences, 43.07518509949705, -89.4201828538698 ,Medical sciences hallway,https://firebasestorage.googleapis.com/v0/b/gradesandreviews.appspot.com/o/5528093000124586638_base64_5_1677000100.jpg?alt=media
Medical Sciences, 43.07518509949705, -89.4201828538697 ,Nightmare scary office with no door handles 7th floor medical scinces,https://firebasestorage.googleapis.com/v0/b/gradesandreviews.appspot.com/o/image_anonymous203.jpg?alt=media
Medical Sciences, 43.07518509949705, -89.4201828538696 ,Nightmare kitchen 7th floor Medical Sciences,https://firebasestorage.googleapis.com/v0/b/gradesandreviews.appspot.com/o/image_anonymous202.jpg?alt=media
Memorial Library, 43.075971528128115, -89.39771367986435 ,memorial library cages,https://firebasestorage.googleapis.com/v0/b/gradesandreviews.appspot.com/o/Spaces-Study-Places-Carrels-300x200.jpg?alt=media
Memorial Library, 43.075971528128115, -89.39771367986435 ,memorial library,https://firebasestorage.googleapis.com/v0/b/gradesandreviews.appspot.com/o/Mem_Library_study18_0106.jpg?alt=media
Memorial Union, 43.07633367619994, -89.39995865938201 ,memorial union terace,https://firebasestorage.googleapis.com/v0/b/gradesandreviews.appspot.com/o/rsz-terrace-2016-sw-1187-8-9-tonemapped__FillWzEyMDAsODAwXQ.jpg?alt=media
Memorial Union, 43.07633367619994, -89.39995865938201 ,Mem u hamel library,https://firebasestorage.googleapis.com/v0/b/gradesandreviews.appspot.com/o/image_anonymous20125.jpg?alt=media
Memorial Union, 43.07633367619994, -89.39995865938201 ,memorial union inside,https://firebasestorage.googleapis.com/v0/b/gradesandreviews.appspot.com/o/rsz-wi-union-east-4723-mg-8899-900-901-902-903-fused-1.jpg?alt=media
MERIT Library, 43.07141160789644, -89.4037939361052 ,Merit library,https://firebasestorage.googleapis.com/v0/b/gradesandreviews.appspot.com/o/5524602239123636807_base64_5_1676651023.jpg?alt=media
MERIT Library, 43.07141160789644, -89.4037939361051 ,One floor above merit,https://firebasestorage.googleapis.com/v0/b/gradesandreviews.appspot.com/o/5524606019122950593_base64_5_1676651401.jpg?alt=media
Microbial Sciences, 43.075802187644776, -89.41217253239891 ,Microbio badger market,https://firebasestorage.googleapis.com/v0/b/gradesandreviews.appspot.com/o/image_anonymous2025.jpg?alt=media
Microbial Sciences, 43.075802187644776, -89.41217253239891 ,Ecb lobby,https://firebasestorage.googleapis.com/v0/b/gradesandreviews.appspot.com/o/5523856589123002883_base64_5_1676576459.jpg?alt=media
Mosse Humanities Building, 43.07428782745076, -89.40002294589057 ,Humanities basement,https://firebasestorage.googleapis.com/v0/b/gradesandreviews.appspot.com/o/image_anonymous20117.jpg?alt=media
Noland Hall, 43.07160698284936, -89.40445703239915 ,2nd floor of Nolan’s hall desk near this aquarium,https://firebasestorage.googleapis.com/v0/b/gradesandreviews.appspot.com/o/5524625509122322894_base64_5_1676653350.jpg?alt=media
Noland Hall, 43.07160698284936, -89.40445703239915 ,5th floor Noland random desk,https://firebasestorage.googleapis.com/v0/b/gradesandreviews.appspot.com/o/5524627319123826420_base64_5_1676653531.jpg?alt=media
Political Science, 43.076246999168156, -89.40292686207913 ,Poly sci lounge north hall,https://firebasestorage.googleapis.com/v0/b/gradesandreviews.appspot.com/o/image_anonymous2090.jpg?alt=media
Red Gym, 43.07619626064146, -89.3983797170543 ,red gym study spaces,https://firebasestorage.googleapis.com/v0/b/gradesandreviews.appspot.com/o/Latinx_CC_RedGym20_4968-1024x681.jpg?alt=media
Russel Laboratories, 43.075587720421126, -89.41311757472664 ,Basement of russel labs,https://firebasestorage.googleapis.com/v0/b/gradesandreviews.appspot.com/o/image_anonymous2032.jpg?alt=media
Russell Laboratories, 43.075587720421126, -89.41311757472664 ,First floor of russel labs,https://firebasestorage.googleapis.com/v0/b/gradesandreviews.appspot.com/o/image_anonymous2033.jpg?alt=media
School of Human Ecology, 43.075668840221134, -89.40894111890736 ,Sohe patio,https://firebasestorage.googleapis.com/v0/b/gradesandreviews.appspot.com/o/image_anonymous2023.jpg?alt=media
School of Human Ecology, 43.075668840221134, -89.4089411189073 ,Sohe badger market,https://firebasestorage.googleapis.com/v0/b/gradesandreviews.appspot.com/o/image_anonymous2024.jpg?alt=media
School of Human Ecology, 43.075668840221134, -89.4089411189072 ,Bench with printer sohe 4th floor,https://firebasestorage.googleapis.com/v0/b/gradesandreviews.appspot.com/o/image_anonymous2020.jpg?alt=media
School of Human Ecology, 43.075668840221134, -89.4089411189071 ,Sohe 3rd floor wing lobby,https://firebasestorage.googleapis.com/v0/b/gradesandreviews.appspot.com/o/image_anonymous2022.jpg?alt=media
School of Human Ecology, 43.075668840221134, -89.4089411189070 ,Floor 3 ecology,https://firebasestorage.googleapis.com/v0/b/gradesandreviews.appspot.com/o/image_anonymous2017.jpg?alt=media
School of Human Ecology, 43.075668840221134, -89.4089411189069 ,Sohe 3rd floor couch area,https://firebasestorage.googleapis.com/v0/b/gradesandreviews.appspot.com/o/image_anonymous2021.jpg?alt=media
School of Human Ecology, 43.075668840221134, -89.4089411189068 ,Ecology 2nd floor,https://firebasestorage.googleapis.com/v0/b/gradesandreviews.appspot.com/o/image_anonymous2018.jpg?alt=media
School of Human Ecology, 43.075668840221134, -89.4089411189067 ,Sohe 1st floor lobby,https://firebasestorage.googleapis.com/v0/b/gradesandreviews.appspot.com/o/image_anonymous2019.jpg?alt=media
School of Social Work Building, 43.07450756409705, -89.40825184774357 ,Walkway to the school of social work,https://firebasestorage.googleapis.com/v0/b/gradesandreviews.appspot.com/o/5528103530126324886_base64_5_1677001153.jpg?alt=media
Science Hall, 43.075941939871896, -89.4010777900712 ,Science hall corner,https://firebasestorage.googleapis.com/v0/b/gradesandreviews.appspot.com/o/image_anonymous20118.jpg?alt=media
Science Hall, 43.075941939871896, -89.4010777900711 ,Map library science hall,https://firebasestorage.googleapis.com/v0/b/gradesandreviews.appspot.com/o/image_anonymous20121.jpg?alt=media
Science Hall, 43.075941939871896, -89.4010777900710 ,Science hall computer lab,https://firebasestorage.googleapis.com/v0/b/gradesandreviews.appspot.com/o/image_anonymous20120.jpg?alt=media
Science Hall, 43.075941939871896, -89.4010777900709 ,Science hall room 280,https://firebasestorage.googleapis.com/v0/b/gradesandreviews.appspot.com/o/image_anonymous20122.jpg?alt=media
Science Hall, 43.075941939871896, -89.4010777900708 ,Science hall basement,https://firebasestorage.googleapis.com/v0/b/gradesandreviews.appspot.com/o/image_anonymous20123.jpg?alt=media
Science Hall, 43.075941939871896, -89.4010777900707 ,Science hall commons,https://firebasestorage.googleapis.com/v0/b/gradesandreviews.appspot.com/o/image_anonymous20124.jpg?alt=media
Science Hall, 43.075941939871896, -89.4010777900706 ,Science hall 3rd floor,https://firebasestorage.googleapis.com/v0/b/gradesandreviews.appspot.com/o/image_anonymous20119.jpg?alt=media
Social Work Library, 43.07426244530435, -89.40826237657971 ,Social work library,https://firebasestorage.googleapis.com/v0/b/gradesandreviews.appspot.com/o/5528105240128185111_base64_5_1677001325.jpg?alt=media
Social Work Library, 43.07426244530435, -89.40826237657971 ,Social work library basement,https://firebasestorage.googleapis.com/v0/b/gradesandreviews.appspot.com/o/5528105950129477752_base64_5_1677001395.jpg?alt=media
Steenbock Memorial Library, 43.07640023387833, -89.41306341705429 ,Steenbock library,https://firebasestorage.googleapis.com/v0/b/gradesandreviews.appspot.com/o/image_anonymous2031.jpg?alt=media
Sterling Hall, 43.07488093737565, -89.40583043239897 ,4th floor sterling,https://firebasestorage.googleapis.com/v0/b/gradesandreviews.appspot.com/o/image_anonymous2066.jpg?alt=media
Sterling Hall, 43.07488093737565, -89.405830432398 ,7th floor sterling,https://firebasestorage.googleapis.com/v0/b/gradesandreviews.appspot.com/o/image_anonymous2067.jpg?alt=media
Sterling Hall, 43.07488093737565, -89.405830432397 ,3rd floor sterling,https://firebasestorage.googleapis.com/v0/b/gradesandreviews.appspot.com/o/image_anonymous2068.jpg?alt=media
Sterling Hall, 43.07488093737565, -89.405830432396 ,Sterling 1st floor lobby,https://firebasestorage.googleapis.com/v0/b/gradesandreviews.appspot.com/o/image_anonymous2065.jpg?alt=media
Stock Pavilion, 43.0749608891511, -89.41509604589052 ,Stock pavilion study area,https://firebasestorage.googleapis.com/v0/b/gradesandreviews.appspot.com/o/image_anonymous2038.jpg?alt=media
StudentPrint, 43.072692817019, -89.39870638821837 ,Student print,https://firebasestorage.googleapis.com/v0/b/gradesandreviews.appspot.com/o/image_anonymous20116.jpg?alt=media
Taylor Hall, 43.074444238380856, -89.4093335170544 ,Henry Taylor hall penn room,https://firebasestorage.googleapis.com/v0/b/gradesandreviews.appspot.com/o/image_anonymous209.jpg?alt=media
Taylor Hall, 43.074444238380856, -89.4093335170544 ,Quiet study area 1st floor Taylor hall,https://firebasestorage.googleapis.com/v0/b/gradesandreviews.appspot.com/o/image_anonymous2010.jpg?alt=media
The University Club, 43.07441289013215, -89.40938716123513 ,University club,https://firebasestorage.googleapis.com/v0/b/gradesandreviews.appspot.com/o/image_anonymous20114.jpg?alt=media
The University Club, 43.07441289013215, -89.40938716123513 ,4th floor university club,https://firebasestorage.googleapis.com/v0/b/gradesandreviews.appspot.com/o/image_anonymous20115.jpg?alt=media
Union South, 43.072070407449985, -89.4076678612353 ,Union south,https://firebasestorage.googleapis.com/v0/b/gradesandreviews.appspot.com/o/Union-South_0515_0811.jpg?alt=media
Union South, 43.072070407449985, -89.4076678612353 ,The sett,https://firebasestorage.googleapis.com/v0/b/gradesandreviews.appspot.com/o/2824786_Lu6jSM9CggIrsDYAzxUYio3SdeCLs-odCHgKlun5To4.jpg?alt=media
University of Wisconsin Biotechnology, 43.0764844450652, -89.40936667178194 ,Window nook with desk 3rd floor biotech,https://firebasestorage.googleapis.com/v0/b/gradesandreviews.appspot.com/o/5527276560121211273_base64_5_1676918456.jpg?alt=media
University of Wisconsin Biotechnology, 43.0764844450652, -89.40936667178194 ,4th floor biotech longue,https://firebasestorage.googleapis.com/v0/b/gradesandreviews.appspot.com/o/5527274730127142482_base64_5_1676918273.jpg?alt=media
University of Wisconsin-Madison Biotechnology, 43.0764844450652, -89.4093666717818 ,Biotech patio,https://firebasestorage.googleapis.com/v0/b/gradesandreviews.appspot.com/o/5527274310128409743_base64_5_1676918231.jpg?alt=media
University of Wisconsin-Madison Biotechnology, 43.0764844450652, -89.4093666717817 ,4th floor biotech,https://firebasestorage.googleapis.com/v0/b/gradesandreviews.appspot.com/o/5527284170129764990_base64_5_1676919217.jpg?alt=media
University of Wisconsin-Madison Biotechnology, 43.0764844450652, -89.4093666717816 ,5th floor biotech walkway,https://firebasestorage.googleapis.com/v0/b/gradesandreviews.appspot.com/o/5527270430124554720_base64_5_1676917843.jpg?alt=media
University of Wisconsin-Madison Biotechnology, 43.0764844450652, -89.4093666717815 ,Biotech 4th floor window nook,https://firebasestorage.googleapis.com/v0/b/gradesandreviews.appspot.com/o/5527272520128404509_base64_5_1676918052.jpg?alt=media
University of Wisconsin-Madison Biotechnology, 43.0764844450652, -89.4093666717814 ,Biotech center lobby,https://firebasestorage.googleapis.com/v0/b/gradesandreviews.appspot.com/o/5527268730124847213_base64_5_1676917673.jpg?alt=media
University of Wisconsin-Madison Biotechnology, 43.0764844450652, -89.4093666717813 ,5th floor biotech,https://firebasestorage.googleapis.com/v0/b/gradesandreviews.appspot.com/o/5527269590127443775_base64_5_1676917759.jpg?alt=media
University of Wisconsin-Madison Biotechnology, 43.0764844450652, -89.4093666717812 ,5th floor biotech lobby,https://firebasestorage.googleapis.com/v0/b/gradesandreviews.appspot.com/o/5527269930128532821_base64_5_1676917793.jpg?alt=media
UW Department of Life Sciences Communication, 43.07612022393562, -89.41167194959651 ,student lounge life science communication,https://firebasestorage.googleapis.com/v0/b/gradesandreviews.appspot.com/o/image_anonymous2026.jpg?alt=media
UW School of Journalism, 43.07286546571378, -89.39982139403763 ,Journalism reading room,https://firebasestorage.googleapis.com/v0/b/gradesandreviews.appspot.com/o/image_anonymous20110.jpg?alt=media
Van Hise Hall, 43.07545305132517, -89.4064714323989 ,Van hise desk at main floor,https://firebasestorage.googleapis.com/v0/b/gradesandreviews.appspot.com/o/image_anonymous2013.jpg?alt=media
Van Hise Hall, 43.07545305132517, -89.4064714323988 ,4th floor van hise infolabs,https://firebasestorage.googleapis.com/v0/b/gradesandreviews.appspot.com/o/image_anonymous2014.jpg?alt=media
Van Hise Hall, 43.07545305132517, -89.4064714323987 ,Van hise lounge,https://firebasestorage.googleapis.com/v0/b/gradesandreviews.appspot.com/o/image_anonymous2012.jpg?alt=media
Van Hise Hall, 43.07545305132517, -89.4064714323986 ,Can hise lobby,https://firebasestorage.googleapis.com/v0/b/gradesandreviews.appspot.com/o/image_anonymous2011.jpg?alt=media
Van Vleck Hall, 43.07484425233733, -89.40447351705437 ,Van vleck b3 bench desk area,https://firebasestorage.googleapis.com/v0/b/gradesandreviews.appspot.com/o/image_anonymous2071.jpg?alt=media
Van Vleck Hall, 43.07484425233733, -89.4044735170543 ,Van vleck 9th floor,https://firebasestorage.googleapis.com/v0/b/gradesandreviews.appspot.com/o/image_anonymous2072.jpg?alt=media
Van Vleck Hall, 43.07484425233733, -89.4044735170542 ,Van vleck 1st floor lobby,https://firebasestorage.googleapis.com/v0/b/gradesandreviews.appspot.com/o/image_anonymous2073.jpg?alt=media
Van Vleck Hall, 43.07484425233733, -89.4044735170541 ,Van vleck b2 single desk (not pictured),https://firebasestorage.googleapis.com/v0/b/gradesandreviews.appspot.com/o/image_anonymous2070.jpg?alt=media
Van Vleck Hall, 43.07484425233733, -89.4044735170540 ,Van vleck b1 (entirely),https://firebasestorage.googleapis.com/v0/b/gradesandreviews.appspot.com/o/image_anonymous2069.jpg?alt=media
Vilas Communication Hall, 43.072801355733745, -89.39980635938221 ,4th floor vilas,https://firebasestorage.googleapis.com/v0/b/gradesandreviews.appspot.com/o/image_anonymous20107.jpg?alt=media
Vilas Communication Hall, 43.072801355733745, -89.3998063593821 ,6th floor vilas desk,https://firebasestorage.googleapis.com/v0/b/gradesandreviews.appspot.com/o/image_anonymous20109.jpg?alt=media
Vilas Communication Hall, 43.072801355733745, -89.3998063593820 ,5th floor vilas,https://firebasestorage.googleapis.com/v0/b/gradesandreviews.appspot.com/o/image_anonymous20108.jpg?alt=media
Vilas Communication Hall, 43.072801355733745, -89.3998063593819 ,Second floor vilas,https://firebasestorage.googleapis.com/v0/b/gradesandreviews.appspot.com/o/image_anonymous20105.jpg?alt=media
Vilas Communication Hall, 43.072801355733745, -89.3998063593818 ,Vilas basement,https://firebasestorage.googleapis.com/v0/b/gradesandreviews.appspot.com/o/image_anonymous20106.jpg?alt=media
Wisconsin Center for Education Research, 43.07211190637398, -89.40297557472681 ,Education research lobby,https://firebasestorage.googleapis.com/v0/b/gradesandreviews.appspot.com/o/5524620279124676563_base64_5_1676652827.jpg?alt=media
Wisconsin Energy Institute, 43.073649788117145, -89.41406661890747 ,Energy building conference rooms,https://firebasestorage.googleapis.com/v0/b/gradesandreviews.appspot.com/o/5523880979126460648_base64_5_1676578897.jpg?alt=media
Wisconsin Energy Institute, 43.073649788117145, -89.4140666189074 ,Energy institute atrium,https://firebasestorage.googleapis.com/v0/b/gradesandreviews.appspot.com/o/5523874789129313449_base64_5_1676578278.jpg?alt=media
Wisconsin Energy Institute, 43.073649788117145, -89.4140666189073 ,Random couch in energy building,https://firebasestorage.googleapis.com/v0/b/gradesandreviews.appspot.com/o/5523879539128221497_base64_5_1676578753.jpg?alt=media
Wisconsin Energy Institute, 43.073649788117145, -89.4140666189072 ,Energy building patio,https://firebasestorage.googleapis.com/v0/b/gradesandreviews.appspot.com/o/5523876599129937454_base64_5_1676578460.jpg?alt=media
Wisconsin School of Business, 43.07283406752125, -89.40158195938223 ,Business school library,https://firebasestorage.googleapis.com/v0/b/gradesandreviews.appspot.com/o/image_anonymous2053.jpg?alt=media
Wisconsin School of Business, 43.07283406752125, -89.4015819593821 ,3-5th floor balconies in the business school,https://firebasestorage.googleapis.com/v0/b/gradesandreviews.appspot.com/o/image_anonymous2057.jpg?alt=media
Wisconsin School of Business, 43.07283406752125, -89.4015819593820 ,Mem u table and chairs in 2nd floor b school hallway,https://firebasestorage.googleapis.com/v0/b/gradesandreviews.appspot.com/o/image_anonymous2055.jpg?alt=media
Wisconsin School of Business, 43.07283406752125, -89.4015819593819 ,Business school Pete’s coffee,https://firebasestorage.googleapis.com/v0/b/gradesandreviews.appspot.com/o/image_anonymous2059.jpg?alt=media
Wisconsin School of Business, 43.07283406752125, -89.4015819593818 ,3rd floor business school lounge area,https://firebasestorage.googleapis.com/v0/b/gradesandreviews.appspot.com/o/image_anonymous2056.jpg?alt=media
Wisconsin School of Business, 43.07283406752125, -89.4015819593817 ,Business school lobby desks,https://firebasestorage.googleapis.com/v0/b/gradesandreviews.appspot.com/o/image_anonymous2058.jpg?alt=media
Wisconsin School of Business, 43.07283406752125, -89.4015819593816 ,Miscellaneous chairs in Business School,https://firebasestorage.googleapis.com/v0/b/gradesandreviews.appspot.com/o/image_anonymous2054.jpg?alt=media